date,recombined_construct,virus,pct_grn,mode_nir,renamed
210809,G790A,G928A SARS2,13.057648,29404.502,Consensus
210809,G868,G928A SARS2,0.247508,171.477417,None
210809,IJ,G928A SARS2,2.10822,346.689423,A
210809,1M,G928A SARS2,1.833224,346.689423,B
210809,2HL,G928A SARS2,4.456435,870.454163,C
210809,2GL,G928A SARS2,1.349725,250.514465,D
210809,1A,G928A SARS2,3.386435,918.890991,E
210809,1I,G928A SARS2,3.346944,700.929016,F
210809,2JS,G928A SARS2,4.026154,1759.86597,G
210809,1B,G928A SARS2,9.992092,16207.5107,H
210809,2LS,G928A SARS2,18.643552,26386.2773,I
210809,1C,G928A SARS2,0.220953,153.876038,J
210809,G790A,SARS1,6.101544,32768.0039,Consensus
210809,G868,SARS1,0.227803,171.477417,None
210809,IJ,SARS1,2.203109,407.844269,A
210809,1M,SARS1,2.173423,407.844269,B
210809,2HL,SARS1,5.254817,870.454163,C
210809,2GL,SARS1,1.610058,279.169983,D
210809,1A,SARS1,3.598287,918.890991,E
210809,1I,SARS1,3.581635,700.929016,F
210809,2JS,SARS1,3.753091,2070.30151,G
210809,1B,SARS1,5.77423,18061.4258,H
210809,2LS,SARS1,9.605456,26386.2773,I
210809,1C,SARS1,0.230349,171.477417,J
210809,G790A,VSVG,0.583963,31040.7285,Consensus
210809,G868,VSVG,0.740547,171.477417,None
210809,IJ,VSVG,0.589845,407.844269,A
210809,1M,VSVG,0.58501,407.844269,B
210809,2HL,VSVG,0.918818,918.890991,C
210809,2GL,VSVG,0.637864,311.103333,D
210809,1A,VSVG,0.644951,918.890991,E
210809,1I,VSVG,0.595092,824.570984,F
210809,2JS,VSVG,0.686823,1857.79443,G
210809,1B,VSVG,1.15343,18061.4258,H
210809,2LS,VSVG,0.765853,23677.834,I
210809,1C,VSVG,0.677297,171.477417,J