Date,Flow_number,Sample_name,Singlets_median,Recomb_count,Recomb_geomean,Recomb_median,recombined_construct,Cells,Replicate,Fold_consensus,Include
250904,F368,293T_landing_pad_081325_NS_Tet-bxb-BFP-C4_tet-bxb-bfp-c4-G790_001.fcs,35574.37891,118906,34642.35547,38132.71875,G790,LPc4,R1,1,
250904,F368,293T_landing_pad_081325_NS_Tet-bxb-BFP-C4_tet-bxb-bfp-c4-G1102_002.fcs,7425.529785,127158,7295.064453,7981.67041,G1102,LPc4,R1,0.2093129122,
250904,F368,293T_landing_pad_081325_NS_Tet-bxb-BFP-C4_tet-bxb-bfp-c4-G1106_003.fcs,3121.262695,93182,3219.25,3430.424316,G1106,LPc4,R1,0.08996012948,
250904,F368,293T_landing_pad_081325_NS_Tet-bxb-BFP-C4_tet-bxb-bfp-c4-1B_004.fcs,21878.49609,81885,21674.71484,23912.3457,1B,LPc4,R1,0.6270821091,
250904,F368,293T_landing_pad_081325_NS_Tet-bxb-BFP-C4_tet-bxb-bfp-c4-1M_005.fcs,869.732666,66236,909.342041,921.977112,1M,LPc4,R1,0.02417811114,
250904,F368,293T_landing_pad_081325_NS_Tet-bxb-BFP-C4_tet-bxb-bfp-c4-2GL-unrecombined_007.fcs,144.159821,5595,210.921463,213.871658,None,LPc4,R1,0.003780475815,
250904,F368,293T_landing_pad_081325_NS_Tet-bxb-BFP-C4_tet-bxb-bfp-c4-2hL_006.fcs,1575.998047,66172,1593.584473,1620.390381,2HL,LPc4,R1,0.0424934396,
250909,F369,293T_landing_pad_090925_NS_Tet-bxb-BFP-C4_tet-bxb-bfp-c4-G790_001.fcs,39425.25781,338377,50717.70313,52049.23438,G790,LPc4,R2,1,
250909,F369,293T_landing_pad_090925_NS_Tet-bxb-BFP-C4_tet-bxb-bfp-c4-G1102_002.fcs,7404.931641,232201,9955.083008,10191.94434,G1102,LPc4,R2,0.1958135304,
250909,F369,293T_landing_pad_090925_NS_Tet-bxb-BFP-C4_tet-bxb-bfp-c4-G1106_003.fcs,2499.299072,203544,4073.955078,4120.693848,G1106,LPc4,R2,0.07916915392,
250909,F369,293T_landing_pad_090925_NS_Tet-bxb-BFP-C4_tet-bxb-bfp-c4-1B_004.fcs,21279.11133,58656,36868.94922,37816.26172,1B,LPc4,R2,0.7265478959,
250909,F369,293T_landing_pad_090925_NS_Tet-bxb-BFP-C4_tet-bxb-bfp-c4-1M_005.fcs,696.42395,96126,994.480286,982.804871,1M,LPc4,R2,0.01888221571,
250909,F369,293T_landing_pad_090925_NS_Tet-bxb-BFP-C4_tet-bxb-bfp-c4-2GL-unrecombined_007.fcs,151.972824,45,3056.246582,2305.857422,None,LPc4,R2,0.002919789807,
250909,F369,293T_landing_pad_090925_NS_Tet-bxb-BFP-C4_tet-bxb-bfp-c4-2hL_006.fcs,1593.607178,67034,2237.14502,2248.924561,2HL,LPc4,R2,0.04320763961,
250909,F369,293T_landing_pad_090925_NS_G542AC3_G542AC3-G790_001.fcs,49510.71484,451164,48995.41016,50623.28906,G790,SLPc3,R1,1,
250909,F369,293T_landing_pad_090925_NS_G542AC3_G542AC3-G1102_002.fcs,8919.693359,60800,9272.270508,9094.833008,G1102,SLPc3,R1,0.1796570941,
250909,F369,293T_landing_pad_090925_NS_G542AC3_G542AC3-G1106_003.fcs,4236.764648,136983,4544.073242,4441.637207,G1106,SLPc3,R1,0.08773900885,
250909,F369,293T_landing_pad_090925_NS_G542AC3_G542AC3-unrecombined_007.fcs,118.027573,180,3408.943848,3121.262695,None,SLPc3,R1,0.002331487645,
250909,F369,293T_landing_pad_090925_NS_G542AC3_G542AC3-1B_004.fcs,32639.16211,89992,33588.35547,34792.54297,1B,SLPc3,R1,0.6872833357,
250909,F369,293T_landing_pad_090925_NS_G542AC3_G542AC3-1M_005.fcs,1036.070068,885445,1098.528809,1095.259644,1M,SLPc3,R1,0.0216354896,
250909,F369,293T_landing_pad_090925_NS_G542AC3_G542AC3-2hL_006.fcs,2746.855225,692584,2845.406982,2863.727783,2HL,SLPc3,R1,0.05656937422,
250911,F371,293T_LP_091125_NS_G542AC3_G790_001.fcs,40199.37891,96241,37890.11328,40087.86719,G790,SLPc3,R2,1,
250911,F371,293T_LP_091125_NS_G542AC3_G1102_002.fcs,7784.598145,83853,7701.06543,7784.598145,G1102,SLPc3,R2,0.1941883839,
250911,F371,293T_LP_091125_NS_G542AC3_G1106_003.fcs,3383.10791,55477,3333.174561,3383.10791,G1106,SLPc3,R2,0.08439231486,
250911,F371,293T_LP_091125_NS_G542AC3_unrecombined_007.fcs,124.424255,22,854.92511,860.122314,None,SLPc3,R2,0.003103788346,
250911,F371,293T_LP_091125_NS_G542AC3_1B_004.fcs,23582.51953,53579,21981.94922,23713.90039,1B,SLPc3,R2,0.5915480681,
250911,F371,293T_LP_091125_NS_G542AC3_1M_005.fcs,806.887634,116532,795.515686,804.649292,1M,SLPc3,R2,0.02007214024,
250911,F371,293T_LP_091125_NS_G542AC3_2HL_006.fcs,1790.812012,111825,1800.527832,1785.84436,2HL,SLPc3,R2,0.04454825076,
250911,F371,293T_LP_091125_iCasp9c12_G790_001.fcs,2236.464844,14124,17228.19727,19851.49805,G790,LLPc12,R1,1,
250911,F371,293T_LP_091125_iCasp9c12_G1102_002.fcs,493.49173,20764,3320.503174,3497.781006,G1102,LLPc12,R1,0.1761973327,
250911,F371,293T_LP_091125_iCasp9c12_G1106_003.fcs,336.354095,1789,2194.55957,2527.224365,G1106,LLPc12,R1,0.1273064813,
250911,F371,293T_LP_091125_iCasp9c12_Unrecombined_007.fcs,196.771042,12,1081.403809,1151.415894,None,LLPc12,R1,0.009912150786,
250911,F371,293T_LP_091125_iCasp9c12_1B_004.fcs,5146.149902,40383,9369.863281,9614.411133,1B,LLPc12,R1,0.484316655,
250911,F371,293T_LP_091125_iCasp9c12_1M_005.fcs,307.745514,2968,991.974243,1027.471802,1M,LLPc12,R1,0.05175789754,
250911,F371,293T_LP_091125_iCasp9c12_2HL_006.fcs,275.382111,696,2637.477295,2424.084961,2HL,LLPc12,R1,0.1221109336,
250911,F371,293T_LP_091125_intz_BC2_G790_001.fcs,5291.105469,38076,53567.3125,56572.62109,G790,LLPc2,R1,1,
250911,F371,293T_LP_091125_intz_BC2_G1106_003.fcs,240.337799,2012,5730.281738,6012.304199,G1102,LLPc2,R1,0.1062758642,
250911,F371,293T_LP_091125_intz_BC2_Unrecombined_007.fcs,172.687286,1,2478.557617,2478.557617,G1106,LLPc2,R1,0.04381196362,
250911,F371,293T_LP_091125_intz_BC2_g1102_002.fcs,472.038605,21108,10420.92676,11108.50488,None,LLPc2,R1,0.008343940866,
250911,F371,293T_LP_091125_intz_BC2_1B_004.fcs,34599.78125,91855,38036.37891,40199.37891,1B,LLPc2,R1,0.7105801028,
250911,F371,293T_LP_091125_intz_BC2_1M_005.fcs,254.068115,3813,1375.883423,1375.440918,1M,LLPc2,R1,0.02431283705,
250911,F371,293T_LP_091125_intz_BC2_2HL_006.fcs,16.151033,68,3029.928223,2562.570312,2HL,LLPc2,R1,0.04529700521,
250916,F373,293T_LP_091625_NS_G542AC3_G790_001.fcs,32099.00195,85002,31597.99805,32878.57031,G790,SLPc3,R3,1,
250916,F373,293T_LP_091625_NS_G542AC3_G1102_002.fcs,6836.217773,148951,6869.060547,7017.922363,G1102,SLPc3,R3,0.2134497424,
250916,F373,293T_LP_091625_NS_G542AC3_G1106_003.fcs,3240.009033,66743,3409.614014,3352.168213,G1106,SLPc3,R3,0.1019560212,
250916,F373,293T_LP_091625_NS_G542AC3_unrecombined_007.fcs,283.426514,289,1049.9552,1046.444092,None,SLPc3,R3,0.008620402631,
250916,F373,293T_LP_091625_NS_G542AC3_1B_004.fcs,24218.32031,86014,24280.14453,25217.05469,1B,SLPc3,R3,0.7669754023,
250916,F373,293T_LP_091625_NS_G542AC3_1M_005.fcs,1213.385376,95967,1265.707764,1248.767944,1M,SLPc3,R3,0.03798121184,
250916,F373,293T_LP_091625_NS_G542AC3_2HL_006.fcs,1794.299927,205849,1900.098633,1909.551758,2HL,SLPc3,R3,0.05807891706,
250916,F373,293T_LP_091625_NS_Tet-bxb-BFP-C4_G790_016.fcs,29517.42969,30640,38110.55078,39287.75391,G790,LPc4,R3,1,
250916,F373,293T_LP_091625_NS_Tet-bxb-BFP-C4_G1102_017.fcs,7662.960449,66259,9429.867188,9751.079102,G1102,LPc4,R3,0.2481964004,
250916,F373,293T_LP_091625_NS_Tet-bxb-BFP-C4_G1106_018.fcs,3259.490234,53948,4821.393555,4933.996094,G1106,LPc4,R3,0.1255861077,
250916,F373,293T_LP_091625_NS_Tet-bxb-BFP-C4_unrecombined_022.fcs,311.592529,139,1296.93689,1302.273315,None,LPc4,R3,0.007931034432,
250916,F373,293T_LP_091625_NS_Tet-bxb-BFP-C4_1B_019.fcs,21461.63477,32757,31985.11328,32408.51758,1B,LPc4,R3,0.8249012569,
250916,F373,293T_LP_091625_NS_Tet-bxb-BFP-C4_1M_020.fcs,1156.282715,43841,1566.144409,1569.975586,1M,LPc4,R3,0.03996094024,
250916,F373,293T_LP_091625_NS_Tet-bxb-BFP-C4_2HL_021.fcs,1888.032227,59732,2531.42334,2568.425049,2HL,LPc4,R3,0.06537469805,
250916,F373,293T_LP_091625_intz_BC2_G790_V2_015.fcs,37168.64453,31848,36671.98047,37800.87109,G790,LLPc2,R2,1,
250916,F373,293T_LP_091625_intz_BC2_G1106_010.fcs,3983.008789,8876,4477.445312,4167.404785,G1106,LLPc2,R2,0.1102462632,
250916,F373,293T_LP_091625_intz_BC2_Unrecombined_014.fcs,266.106506,5,890.031494,775.489868,None,LLPc2,R2,0.007039692428,
250916,F373,293T_LP_091625_intz_BC2_g1102_009.fcs,6866.13916,39369,6778.419922,7064.173828,G1102,LLPc2,R2,0.1868785989,
250916,F373,293T_LP_091625_intz_BC2_1B_011.fcs,27279.64453,69153,27356.78711,27938.59766,1B,LLPc2,R2,0.7390993079,
250916,F373,293T_LP_091625_intz_BC2_1M_012.fcs,862.088501,18167,932.071106,897.102661,1M,LLPc2,R2,0.02373232773,
250916,F373,293T_LP_091625_intz_BC2_2HL_013.fcs,1767.46875,40813,2092.486084,1845.755859,2HL,LLPc2,R2,0.04882839484,
250918,F374,293T_LP_091825_intz_BC2_G790_001.fcs,41724.50391,80712,41201.07422,42404.24219,G790,LLPc2,R3,1,
250918,F374,293T_LP_091825_intz_BC2_G1102_002.fcs,9072.47168,65009,8932.501953,9232.683594,G1102,LLPc2,R3,0.2177301873,
250918,F374,293T_LP_091825_intz_BC2_G1106_003.fcs,4077.967773,79232,4422.645508,4125.071777,G1106,LLPc2,R3,0.09727969571,
250918,F374,293T_LP_091825_intz_BC2_Unrecombined_007.fcs,97.78965,7,964.681274,966.54425,None,LLPc2,R3,0.002306128938,
250918,F374,293T_LP_091825_intz_BC2_1B_004.fcs,30733.87695,82888,30561.92188,31230.29688,1B,LLPc2,R3,0.7364899186,
250918,F374,293T_LP_091825_intz_BC2_1M_005.fcs,853.7276,77398,892.331238,867.85553,1M,LLPc2,R3,0.02046624312,
250918,F374,293T_LP_091825_intz_BC2_2HL_006.fcs,1840.349854,72809,2104.69458,1903.362183,2HL,LLPc2,R3,0.04488612659,
250925,F375,293T_LP_092525_iCasp9c12_G790_001.fcs,21614.37109,140836,23551.91602,24978.27344,G790,LLPc12,R2,1,
250925,F375,293T_LP_092525_iCasp9c12_G1102_002.fcs,10018.72949,45604,6434.166016,7748.054688,G1102,LLPc12,R2,0.3101917635,
250925,F375,293T_LP_092525_iCasp9c12_G1106_003.fcs,4691.504395,51659,3660.495117,3769.152588,G1106,LLPc12,R2,0.1508972426,
250925,F375,293T_LP_092525_iCasp9c12_Unrecombined_007.fcs,115.744415,17,3380.790283,3670.827637,None,LLPc12,R2,0.004633803665,
250925,F375,293T_LP_092525_iCasp9c12_1B_004.fcs,6659.677734,81102,14022.41602,17165.2832,1B,LLPc12,R2,0.6872085551,
250925,F375,293T_LP_092525_iCasp9c12_1M_005.fcs,685.49823,80421,923.930359,789.286133,1M,LLPc12,R2,0.03159890674,
250925,F375,293T_LP_092525_iCasp9c12_2HL_006.fcs,2466.063965,84400,3529.3479,2318.67334,2HL,LLPc12,R2,0.09282760658,
250929,F376,293T_LP_092925_NS_G542AC3_G790_001.fcs,25763.01367,91.142064,24145.66992,26892.01758,G790,SLP_10pct,R1,1,
250929,F376,293T_LP_092925_NS_G542AC3_G1102_002.fcs,4594.432617,79.346568,4580.394531,4642.684082,G1102,SLP_10pct,R1,0.1726417168,
250929,F376,293T_LP_092925_NS_G542AC3_G1106_003.fcs,2079.516113,85.273442,2289.059326,2270.27417,G1106,SLP_10pct,R1,0.08442186099,
250929,F376,293T_LP_092925_NS_G542AC3_1B_004.fcs,17904.07813,86.094593,17964.51367,19483.58789,1B,SLP_10pct,R1,0.7245119423,
250929,F376,293T_LP_092925_NS_G542AC3_1M_005.fcs,448.331024,70.416741,499.311432,465.449463,1M,SLP_10pct,R1,0.01730809009,
250929,F376,293T_LP_092925_NS_G542AC3_2HL_006.fcs,1138.481323,82.585291,1213.556274,1183.408203,2HL,SLP_10pct,R1,0.04400592851,
250929,F376,293T_LP_092925_NS_G542AC3_05serum_G790_001.fcs,13637.69727,93021,12971.46582,14449.27148,G790,SLP_0.5pct,R1,1,
250929,F376,293T_LP_092925_NS_G542AC3_05serum_G1102_002.fcs,2127.537842,83169,2230.219482,2323.12915,G1102,SLP_0.5pct,R1,0.1607782893,
250929,F376,293T_LP_092925_NS_G542AC3_05serum_G1106_003.fcs,902.710022,85110,1067.39978,963.9328,G1106,SLP_0.5pct,R1,0.06671151562,
250929,F376,293T_LP_092925_NS_G542AC3_05serum_1B_004.fcs,7204.94873,77800,7206.131348,7938.919434,1B,SLP_0.5pct,R1,0.5494338898,
250929,F376,293T_LP_092925_NS_G542AC3_05serum_1M_005.fcs,337.296112,74633,414.366486,355.01474,1M,SLP_0.5pct,R1,0.02456973284,
250929,F376,293T_LP_092925_NS_G542AC3_05serum_2HL_006.fcs,583.484314,72735,720.514832,628.230652,2HL,SLP_0.5pct,R1,0.04347836172,
250929,F376,293T_LP_092925_NS_G542AC3_02serum_G790_001.fcs,13023.31738,108512,13445.61231,14282.95117,G790,SLP_0.2pct,R1,1,
250929,F376,293T_LP_092925_NS_G542AC3_02serum_G1102_002.fcs,2139.72998,92445,2420.243408,2504.513672,G1102,SLP_0.2pct,R1,0.1753498729,
250929,F376,293T_LP_092925_NS_G542AC3_02serum_G1106_003.fcs,950.313538,92568,1281.728271,1206.411865,G1106,SLP_0.2pct,R1,0.08446516764,
250929,F376,293T_LP_092925_NS_G542AC3_02serum_1B_004.fcs,7938.919434,86005,9233.091797,9707.226562,1B,SLP_0.2pct,R1,0.6796373135,
250929,F376,293T_LP_092925_NS_G542AC3_02serum_1M_005.fcs,333.222839,83414,455.476929,397.746674,1M,SLP_0.2pct,R1,0.02784765342,
250929,F376,293T_LP_092925_NS_G542AC3_02serum_2HL_006.fcs,615.769531,122521,838.02948,753.337646,2HL,SLP_0.2pct,R1,0.05274383683,
251001,F377,293T_LP_100125_iCasp9c12_G790_001.fcs,12815.29883,73017,12994.80664,14216.99219,G790,LLPc12,R3,1,
251001,F377,293T_LP_100125_iCasp9c12_G1102_002.fcs,1165.267456,155413,1582.6073,1555.282104,G1102,LLPc12,R3,0.1093960019,
251001,F377,293T_LP_100125_iCasp9c12_G1106_003.fcs,606.483398,86156,996.817505,765.225281,G1106,LLPc12,R3,0.05382469588,
251001,F377,293T_LP_100125_iCasp9c12_Unrecombined_007.fcs,115.744415,10,3316.075439,1239.247559,None,LLPc12,R3,0.008141273024,
251001,F377,293T_LP_100125_iCasp9c12_1B_004.fcs,5749.705566,54463,8573.160156,9817.260742,1B,LLPc12,R3,0.6905300791,
251001,F377,293T_LP_100125_iCasp9c12_1M_005.fcs,219.861328,59820,405.002777,274.089905,1M,LLPc12,R3,0.01927903605,
251001,F377,293T_LP_100125_iCasp9c12_2HL_006.fcs,1304.752563,85647,2319.448486,1275.275391,2HL,LLPc12,R3,0.0897007872,
251001,F377,293T_LP_100125_NS_G542AC3_G790_008.fcs,26133.78516,35022,26101.23828,26956.22266,G790,SLP_10pct,R2,1,
251001,F377,293T_LP_100125_NS_G542AC3_G1102_009.fcs,5849.25,52155,5734.016113,5887.071289,G1102,SLP_10pct,R2,0.2183937773,
251001,F377,293T_LP_100125_NS_G542AC3_G1106_010.fcs,2466.063965,24843,2595.290527,2598.533691,G1106,SLP_10pct,R2,0.0963982871,
251001,F377,293T_LP_100125_NS_G542AC3_1B_011.fcs,20763.61523,25672,20696.99414,21923.25586,1B,SLP_10pct,R2,0.8132910956,
251001,F377,293T_LP_100125_NS_G542AC3_1M_012.fcs,578.920532,48802,618.059753,588.059937,1M,SLP_10pct,R2,0.02181536873,
251001,F377,293T_LP_100125_NS_G542AC3_2HL_013.fcs,1073.644165,18041,1159.798462,1129.66333,2HL,SLP_10pct,R2,0.04190733042,
251001,F377,293T_LP_100125_NS_G542AC3_05serum_G790_014.fcs,14382.49805,38714,14686.91504,14995.42188,G790,SLP_0.5pct,R2,1,
251001,F377,293T_LP_100125_NS_G542AC3_05serum_G1102_015.fcs,2771.3479,47525,2973.935547,3058.3125,G1102,SLP_0.5pct,R2,0.2039497471,
251001,F377,293T_LP_100125_NS_G542AC3_05serum_G1106_016.fcs,1263.166626,35776,1538.994019,1489.402954,G1106,SLP_0.5pct,R2,0.0993238447,
251001,F377,293T_LP_100125_NS_G542AC3_05serum_1B_017.fcs,8774.858398,17369,9739.046875,9951.082031,1B,SLP_0.5pct,R2,0.6636080072,
251001,F377,293T_LP_100125_NS_G542AC3_05serum_1M_018.fcs,394.967987,70801,487.685272,448.331024,1M,SLP_0.5pct,R2,0.02989786,
251001,F377,293T_LP_100125_NS_G542AC3_05serum_2HL_019.fcs,738.188843,69024,888.645691,833.245972,2HL,SLP_0.5pct,R2,0.05556669087,
251001,F377,293T_LP_100125_NS_G542AC3_02serum_G790_020.fcs,15599.7041,42018,16219.55176,16612.86133,G790,SLP_0.2pct,R2,1,
251001,F377,293T_LP_100125_NS_G542AC3_02serum_G1102_021.fcs,2738.99292,54489,2861.870605,2951.321533,G1102,SLP_0.2pct,R2,0.1776528121,
251001,F377,293T_LP_100125_NS_G542AC3_02serum_G1106_022.fcs,1206.411865,38445,1505.994629,1437.01355,G1106,SLP_0.2pct,R2,0.0865000629,
251001,F377,293T_LP_100125_NS_G542AC3_02serum_1B_023.fcs,10626.18945,2738,9494.342773,12128.55859,1B,SLP_0.2pct,R2,0.7300704165,
251001,F377,293T_LP_100125_NS_G542AC3_02serum_1M_024.fcs,417.287476,17432,497.536346,455.447174,1M,SLP_0.2pct,R2,0.02741533592,
251001,F377,293T_LP_100125_NS_G542AC3_02serum_2HL_025.fcs,796.232483,42199,922.245544,869.389587,2HL,SLP_0.2pct,R2,0.05233232071,
251006,F379,293T_LP_100625_highG_Tet-bxb-BFP-C4_G790_007.fcs,19361.35352,77415,26507.0957,27859.56445,G790,LPc4_HighG,R1,1,
251006,F379,293T_LP_100625_highG_Tet-bxb-BFP-C4_G1102_008.fcs,3027.331055,79585,4488.358887,4787.580566,G1102,LPc4_HighG,R1,0.171846928,
251006,F379,293T_LP_100625_highG_Tet-bxb-BFP-C4_G1106_009.fcs,1449.984985,57302,2344.441406,2451.170166,G1106,LPc4_HighG,R1,0.08798307563,
251006,F379,293T_LP_100625_highG_Tet-bxb-BFP-C4_1B_010.fcs,11613.36328,52272,19756.32617,20869.32813,1B,LPc4_HighG,R1,0.7490902511,
251006,F379,293T_LP_100625_highG_Tet-bxb-BFP-C4_1M_011.fcs,348.722443,51643,517.90033,514.489014,1M,LPc4_HighG,R1,0.01846723106,
251006,F379,293T_LP_100625_highG_Tet-bxb-BFP-C4_2HL_012.fcs,656.960632,68260,1002.550842,1016.118408,2HL,LPc4_HighG,R1,0.03647287487,
251006,F379,293T_LP_100625_lowG_Tet-bxb-BFP-C4_G790_001.fcs,4977.435547,29381,14696.95606,15036.72461,G790,LPc4_LowG,R1,1,
251006,F379,293T_LP_100625_lowG_Tet-bxb-BFP-C4_G1102_002.fcs,855.356995,38492,2677.15625,2716.50293,G1102,LPc4_LowG,R1,0.1806578893,
251006,F379,293T_LP_100625_lowG_Tet-bxb-BFP-C4_G1106_003.fcs,368.644592,20469,1325.736328,1301.109863,G1106,LPc4_LowG,R1,0.08652880842,
251006,F379,293T_LP_100625_lowG_Tet-bxb-BFP-C4_1B_004.fcs,3061.156494,30531,11623.67676,12141.16504,1B,LPc4_LowG,R1,0.8074341557,
251006,F379,293T_LP_100625_lowG_Tet-bxb-BFP-C4_1M_005.fcs,223.591675,29441,408.95108,399.570496,1M,LPc4_LowG,R1,0.02657297426,
251006,F379,293T_LP_100625_lowG_Tet-bxb-BFP-C4_2HL_006.fcs,319.06189,35875,749.558594,734.167725,2HL,LPc4_LowG,R1,0.04882497645,
251010,F380,293T_LP_101025_NS_G542AC3_02serum_G790_019.fcs,33106,15041.83496,15542.7207,14531.17481,G790,SLP_0.5pct,R3,1,
251010,F380,293T_LP_101025_NS_G542AC3_02serum_G1102_020.fcs,97221,3406.392334,3471.971191,3206.534668,G1102,SLP_0.5pct,R3,0.2206658932,
251010,F380,293T_LP_101025_NS_G542AC3_02serum_G1106_021.fcs,35270,1468.327881,1451.984375,1312.569336,G1106,SLP_0.5pct,R3,0.09032781954,
251010,F380,293T_LP_101025_NS_G542AC3_02serum_1B_022.fcs,38812,11774.30762,12243.52539,10899.94922,1B,SLP_0.5pct,R3,0.7501079137,
251010,F380,293T_LP_101025_NS_G542AC3_02serum_1M_023.fcs,21080,464.680511,452.703979,395.695831,1M,SLP_0.5pct,R3,0.02723082175,
251010,F380,293T_LP_101025_NS_G542AC3_02serum_2HL_024.fcs,48229,936.122498,928.977234,852.722534,2HL,SLP_0.5pct,R3,0.05868228448,
251010,F380,293T_LP_101025_NS_G542AC3_05serum_G790_013.fcs,28501,13955.46484,14266.91016,13461.36231,G790,SLP_0.2pct,R3,1,
251010,F380,293T_LP_101025_NS_G542AC3_05serum_G1102_014.fcs,59465,3448.950439,3493.277344,3255.954102,G1102,SLP_0.2pct,R3,0.2418740412,
251010,F380,293T_LP_101025_NS_G542AC3_05serum_G1106_015.fcs,67917,1566.11499,1557.817993,1425.578491,G1106,SLP_0.2pct,R3,0.1059015023,
251010,F380,293T_LP_101025_NS_G542AC3_05serum_1B_016.fcs,30012,11004.12598,11342.12793,10347.62109,1B,SLP_0.2pct,R3,0.7686904826,
251010,F380,293T_LP_101025_NS_G542AC3_05serum_1M_017.fcs,61875,513.672791,506.952942,452.703979,1M,SLP_0.2pct,R3,0.03362987851,
251010,F380,293T_LP_101025_NS_G542AC3_05serum_2HL_018.fcs,72812,901.762329,900.990906,819.478638,2HL,SLP_0.2pct,R3,0.06087635257,
251010,F380,293T_LP_101025_highG_Tet-bxb-BFP-C4_G790_007.fcs,22027.89063,60.9437,29650.75781,31028.55664,G790,LPc4_HighG,R2,1,
251010,F380,293T_LP_101025_highG_Tet-bxb-BFP-C4_G1102_008.fcs,3138.60498,55.462311,4828.62793,5057.992676,G1102,LPc4_HighG,R2,0.1630108914,
251010,F380,293T_LP_101025_highG_Tet-bxb-BFP-C4_G1106_009.fcs,1483.410034,51.375161,2421.208252,2495.176758,G1106,LPc4_HighG,R2,0.08041549554,
251010,F380,293T_LP_101025_highG_Tet-bxb-BFP-C4_1B_010.fcs,10701.72168,44.222533,20595.79492,21429.72852,1B,LPc4_HighG,R2,0.6906453551,
251010,F380,293T_LP_101025_highG_Tet-bxb-BFP-C4_1M_011.fcs,359.897583,49.979811,562.973206,564.24054,1M,LPc4_HighG,R2,0.01818455646,
251010,F380,293T_LP_101025_highG_Tet-bxb-BFP-C4_2HL_012.fcs,837.214844,55.596624,1188.740234,1208.519287,2HL,LPc4_HighG,R2,0.03894861437,
251010,F380,293T_LP_101025_lowG_Tet-bxb-BFP-C4_G790_001.fcs,304.167603,0.31515,6050.813477,9155.910156,G790,LPc4_LowG,R2,1,
251010,F380,293T_LP_101025_lowG_Tet-bxb-BFP-C4_G1102_002.fcs,195.800217,0.147154,1164.545044,1126.416016,G1102,LPc4_LowG,R2,0.1230261107,
251010,F380,293T_LP_101025_lowG_Tet-bxb-BFP-C4_G1106_003.fcs,207.517181,0.126387,730.689636,610.948303,G1106,LPc4_LowG,R2,0.06672720599,
251010,F380,293T_LP_101025_lowG_Tet-bxb-BFP-C4_1B_004.fcs,235.966217,0.146857,2871.353271,3450.795166,1B,LPc4_LowG,R2,0.3768926417,
251010,F380,293T_LP_101025_lowG_Tet-bxb-BFP-C4_1M_005.fcs,178.631882,0.130462,425.299316,389.68988,1M,LPc4_LowG,R2,0.04256156661,
251010,F380,293T_LP_101025_lowG_Tet-bxb-BFP-C4_2HL_006.fcs,199.427002,0.22406,533.306396,490.178772,2HL,LPc4_LowG,R2,0.05353687003,
251111,F382,293T_LP_111225_NS_NKrun_A549_G790_001.fcs,7146.532227,4358,27283.35156,28049.30664,G790,A549,R1,0.966364677,
251111,F382,293T_LP_111225_NS_NKrun_a549_1b_002.fcs,4461.806641,2009,21860.66602,23274.76563,1B,A549,R1,0.801870494,
251111,F382,293T_LP_111225_NS_NKrun_a549_24_g790_009.fcs,29187.18555,4703,29786.90625,30001.87695,G790,A549,R1,1.033635323,
251111,F382,293T_LP_111225_NS_NKrun_a549_24_1b_010.fcs,21693.54688,6501,23872.01367,23924.42578,1B,A549,R1,0.8242528162,
251111,F382,293T_LP_111225_NS_NKrun_a549_24_1102_002_012.fcs,10636.4502,3833,10643.04492,10701.72168,G1102,A549,R1,0.3686995172,
251111,F382,293T_LP_111225_NS_NKrun_a549_24_1102_011.fcs,9498.240234,2361,9481.314453,9498.240234,G1102,A549,R1,0.3272367468,
251111,F382,293T_LP_111225_NS_NKrun_a549_1102_003.fcs,2541.394775,5131,9046.302734,9183.959961,G1102,A549,R1,0.3164090512,
251113,F383,293T_LP_111325_NS_A549_G790_001.fcs,1293.901367,12199,24173.79297,25560.87695,G790,A549,R2,1,
251113,F383,293T_LP_111325_NS_A549_1B_002.fcs,791.348938,5223,19203.60547,20129.14258,1B,A549,R2,0.7874981214,
251113,F383,293T_LP_111325_NS_A549_1102_003.fcs,559.201111,11284,7620.072266,8437.654297,G1102,A549,R2,0.3301003449,
251113,F383,293T_LP_111325_NS_NIH3T3_G790_001.fcs,6681.868164,7814,10022.58594,10774.19922,G790,NIH3T3,R1,1,
251113,F383,293T_LP_111325_NS_NIH3T3_1B_002.fcs,12182.59375,8520,12419.95898,13455.41504,1B,NIH3T3,R1,1.24885523,
251113,F383,293T_LP_111325_NS_NIH3T3_1102_003.fcs,3863.315918,20831,6044.196777,6268.114746,G1102,NIH3T3,R1,0.5817708229,
251121,F384,293T_LP_112125_NS_A549_G790_001.fcs,23978.86328,60229,23320.86133,24112.45313,G790,A549,R3,1,
251121,F384,293T_LP_112125_NS_A549_1B_002.fcs,20410.66992,34210,20151.52148,20410.66992,1B,A549,R3,0.8464783658,
251121,F384,293T_LP_112125_NS_A549_1102_003.fcs,10277.23438,35761,10259.49414,10277.23438,G1102,A549,R3,0.4262210205,
251121,F384,293T_LP_112125_NS_NIH3T3_G790_004.fcs,7004.753418,6570,10933.61231,11232.62402,G790,NIH3T3,R2,1,
251121,F384,293T_LP_112125_NS_NIH3T3_1B_005.fcs,3355.031982,33830,4312.020996,4417.029297,1B,NIH3T3,R2,0.3932321859,
251121,F384,293T_LP_112125_NS_NIH3T3_1102_006.fcs,2936.224854,41589,4210.294922,4236.764648,G1102,NIH3T3,R2,0.3771838744,
251126,F385,293T_LP_112625_NS_A549_G790_001.fcs,1244.547852,9106,17786.07031,19632.14258,G790,A549,R4,1,
251126,F385,293T_LP_112625_NS_A549_1B_002.fcs,1104.425049,4551,13232.82324,15720.11133,1B,A549,R4,0.8007333517,
251126,F385,293T_LP_112625_NS_A549_1M_005.fcs,468.121216,660,970.138977,881.896851,1M,A549,R4,0.04492107,
251126,F385,293T_LP_112625_NS_A549_2HL_006.fcs,254.774857,3318,1403.203369,1454.018433,2HL,A549,R4,0.07406315572,
251126,F385,293T_LP_112625_NS_A549_1102_003.fcs,662.458313,10816,6201.998047,6700.241699,G1102,A549,R4,0.3412893764,
251126,F385,293T_LP_112625_NS_A549_1106_004.fcs,607.799011,2672,2782.9375,2969.033691,G1106,A549,R4,0.1512332991,
251126,F385,293T_LP_112625_NS_NIH3T3_G790_008.fcs,7613.511719,8737,7514.006348,8026.137207,G790,NIH3T3,R3,1,
251126,F385,293T_LP_112625_NS_NIH3T3_1B_009.fcs,9455.496094,19001,11504.20117,12073.89941,1B,NIH3T3,R3,1.504322577,
251126,F385,293T_LP_112625_NS_NIH3T3_1102_010.fcs,2205.616943,34132,3048.093262,3069.671631,G1102,NIH3T3,R3,0.3824594013,
251126,F385,293T_LP_112625_NS_NIH3T3_1106_011.fcs,5766.934082,10845,5677.584961,6096.393066,G1106,NIH3T3,R3,0.7595675116,
251211,F387,293T_LP_121125_NS_A549_Unrecombined_007.fcs,218.677673,2,3952.522705,2157.142822,None,A549,R5,0.07123815066,
251211,F387,293T_LP_121125_NS_A549_G790_001.fcs,5847.59082,16606,28981.48828,30280.72461,G790,A549,R5,1,
251211,F387,293T_LP_121125_NS_A549_1B_002.fcs,4030.131104,15985,22330.22266,22872.82617,1B,A549,R5,0.7553592744,
251211,F387,293T_LP_121125_NS_A549_1M_005.fcs,481.307129,1706,1074.833008,881.896851,1M,A549,R5,0.02912403393,
251211,F387,293T_LP_121125_NS_A549_2HL_006.fcs,955.879883,7627,2038.810425,2034.90686,2HL,A549,R5,0.06720139251,
251211,F387,293T_LP_121125_NS_A549_1102_003.fcs,2793.020752,18224,9695.826172,9885.227539,G1102,A549,R5,0.3264528067,
251211,F387,293T_LP_121125_NS_A549_1106_004.fcs,2370.80835,7557,3816.643799,3833.575195,G1106,A549,R5,0.126601171,